mm_leading	03	y_pred	errerr
NC	-0.103	-0.313	0.061
NT	-0.045	-0.248	0.088
NN	-0.077	-0.289	0.090
TA	-0.162	-0.270	0.098
AC	-0.034	-0.241	0.105
NA	0.000	-0.224	0.106
GT	-0.018	-0.287	0.115
CG	-0.163	-0.329	0.119
GA	-0.135	-0.313	0.125
NG	-0.230	-0.379	0.127
TG	-0.154	-0.315	0.134
GC	-0.176	-0.309	0.136
GG	-0.139	-0.359	0.162
TC	-0.172	-0.286	0.165
AT	-0.099	-0.272	0.166
CA	-0.180	-0.244	0.167
AG	-0.125	-0.485	0.169
AA	-0.148	-0.275	0.177
CC	-0.148	-0.317	0.218
TT	-0.152	-0.240	0.250
CT	-0.259	-0.285	0.258
